Workbook

Sheet Clients
A1: Client ID | B1: Client Full Name | C1: Father / Spouse Name | D1: CNIC Number | E1: Passport Number | F1: Nationality | G1: Mobile Number | H1: WhatsApp Number | I1: Email Address | J1: City | K1: Country Applying For | L1: Visa Type | M1: Assigned Consultant | N1: Client Source | O1: Date of First Contact | P1: Current Status | Q1: Remarks
A2: JF-001

Sheet Documents
A1: Client ID | B1: Passport | C1: Photograph 2x2 | D1: CNIC | E1: Parents CNIC | F1: Spouse CNIC | G1: Educational Docs | H1: Professional Proof | I1: Financial Proof | J1: FRC | K1: MRC | L1: Police Clearance | M1: Invitation Letter | N1: Additional Documents | O1: Document Status
O2: =IF(COUNTIF(B2:M2, "No")>0, "Incomplete", "Complete") -> Complete
O3: =IF(COUNTIF(B3:M3, "No")>0, "Incomplete", "Complete") -> Complete
O4: =IF(COUNTIF(B4:M4, "No")>0, "Incomplete", "Complete") -> Complete
O5: =IF(COUNTIF(B5:M5, "No")>0, "Incomplete", "Complete") -> Complete
O6: =IF(COUNTIF(B6:M6, "No")>0, "Incomplete", "Complete") -> Complete
O7: =IF(COUNTIF(B7:M7, "No")>0, "Incomplete", "Complete") -> Complete
O8: =IF(COUNTIF(B8:M8, "No")>0, "Incomplete", "Complete") -> Complete
O9: =IF(COUNTIF(B9:M9, "No")>0, "Incomplete", "Complete") -> Complete
O10: =IF(COUNTIF(B10:M10, "No")>0, "Incomplete", "Complete") -> Complete
O11: =IF(COUNTIF(B11:M11, "No")>0, "Incomplete", "Complete") -> Complete
O12: =IF(COUNTIF(B12:M12, "No")>0, "Incomplete", "Complete") -> Complete
O13: =IF(COUNTIF(B13:M13, "No")>0, "Incomplete", "Complete") -> Complete
... O100: =IF(COUNTIF(B100:M100, "No")>0, "Incomplete", "Complete") -> Complete

Sheet Visa_Process
A1: Client ID | B1: Country | C1: Visa Category | D1: Embassy / VFS | E1: Application Number | F1: Appointment Date | G1: Biometrics Date | H1: Interview Date | I1: Submission Date | J1: Decision Date | K1: Visa Result | L1: Visa Validity | M1: Consultant Notes

Sheet Payments
A1: Client ID | B1: Visa Type | C1: Total Consultancy Fee | D1: Embassy / VFS Fee | E1: Amount Received | F1: Balance Amount | G1: Payment Status | H1: Payment Mode | I1: Payment Date | J1: Receipt Number | K1: Remarks
F2: =C2-E2 -> 0 | G2: =IF(C2=0, "", IF(F2<=0, "Paid", IF(E2>0, "Partial", "Pending")))
F3: =C3-E3 -> 0 | G3: =IF(C3=0, "", IF(F3<=0, "Paid", IF(E3>0, "Partial", "Pending")))
F4: =C4-E4 -> 0 | G4: =IF(C4=0, "", IF(F4<=0, "Paid", IF(E4>0, "Partial", "Pending")))
F5: =C5-E5 -> 0 | G5: =IF(C5=0, "", IF(F5<=0, "Paid", IF(E5>0, "Partial", "Pending")))
F6: =C6-E6 -> 0 | G6: =IF(C6=0, "", IF(F6<=0, "Paid", IF(E6>0, "Partial", "Pending")))
F7: =C7-E7 -> 0 | G7: =IF(C7=0, "", IF(F7<=0, "Paid", IF(E7>0, "Partial", "Pending")))
F8: =C8-E8 -> 0 | G8: =IF(C8=0, "", IF(F8<=0, "Paid", IF(E8>0, "Partial", "Pending")))
F9: =C9-E9 -> 0 | G9: =IF(C9=0, "", IF(F9<=0, "Paid", IF(E9>0, "Partial", "Pending")))
F10: =C10-E10 -> 0 | G10: =IF(C10=0, "", IF(F10<=0, "Paid", IF(E10>0, "Partial", "Pending")))
F11: =C11-E11 -> 0 | G11: =IF(C11=0, "", IF(F11<=0, "Paid", IF(E11>0, "Partial", "Pending")))
F12: =C12-E12 -> 0 | G12: =IF(C12=0, "", IF(F12<=0, "Paid", IF(E12>0, "Partial", "Pending")))
F13: =C13-E13 -> 0 | G13: =IF(C13=0, "", IF(F13<=0, "Paid", IF(E13>0, "Partial", "Pending")))
... F100: =C100-E100 -> 0 | G100: =IF(C100=0, "", IF(F100<=0, "Paid", IF(E100>0, "Partial", "Pending")))

Sheet Follow_Up
A1: Client ID | B1: Follow-Up Date | C1: Follow-Up Type | D1: Purpose | E1: Next Action | F1: Next Follow-Up Date | G1: Status

Sheet Consultants
A1: Consultant Name | B1: Total Clients | C1: Active Cases | D1: Approved Visas | E1: Refused Visas | F1: Approval Percentage | G1: Total Revenue Generated
B2: =COUNTIF(Clients!M:M, A2) -> 0 | C2: =COUNTIFS(Clients!M:M, A2, Clients!P:P, "<>Approved", Clients!P:P, "<>Refused") -> 0 | D2: =COUNTIFS(Clients!M:M, A2, Clients!P:P, "Approved") -> 0 | E2: =COUNTIFS(Clients!M:M, A2, Clients!P:P, "Refused") -> 0 | F2: =IF(B2>0, D2/B2, 0) -> 0
B3: =COUNTIF(Clients!M:M, A3) -> 0 | C3: =COUNTIFS(Clients!M:M, A3, Clients!P:P, "<>Approved", Clients!P:P, "<>Refused") -> 0 | D3: =COUNTIFS(Clients!M:M, A3, Clients!P:P, "Approved") -> 0 | E3: =COUNTIFS(Clients!M:M, A3, Clients!P:P, "Refused") -> 0 | F3: =IF(B3>0, D3/B3, 0) -> 0
B4: =COUNTIF(Clients!M:M, A4) -> 0 | C4: =COUNTIFS(Clients!M:M, A4, Clients!P:P, "<>Approved", Clients!P:P, "<>Refused") -> 0 | D4: =COUNTIFS(Clients!M:M, A4, Clients!P:P, "Approved") -> 0 | E4: =COUNTIFS(Clients!M:M, A4, Clients!P:P, "Refused") -> 0 | F4: =IF(B4>0, D4/B4, 0) -> 0
B5: =COUNTIF(Clients!M:M, A5) -> 0 | C5: =COUNTIFS(Clients!M:M, A5, Clients!P:P, "<>Approved", Clients!P:P, "<>Refused") -> 0 | D5: =COUNTIFS(Clients!M:M, A5, Clients!P:P, "Approved") -> 0 | E5: =COUNTIFS(Clients!M:M, A5, Clients!P:P, "Refused") -> 0 | F5: =IF(B5>0, D5/B5, 0) -> 0
B6: =COUNTIF(Clients!M:M, A6) -> 0 | C6: =COUNTIFS(Clients!M:M, A6, Clients!P:P, "<>Approved", Clients!P:P, "<>Refused") -> 0 | D6: =COUNTIFS(Clients!M:M, A6, Clients!P:P, "Approved") -> 0 | E6: =COUNTIFS(Clients!M:M, A6, Clients!P:P, "Refused") -> 0 | F6: =IF(B6>0, D6/B6, 0) -> 0
B7: =COUNTIF(Clients!M:M, A7) -> 0 | C7: =COUNTIFS(Clients!M:M, A7, Clients!P:P, "<>Approved", Clients!P:P, "<>Refused") -> 0 | D7: =COUNTIFS(Clients!M:M, A7, Clients!P:P, "Approved") -> 0 | E7: =COUNTIFS(Clients!M:M, A7, Clients!P:P, "Refused") -> 0 | F7: =IF(B7>0, D7/B7, 0) -> 0
B8: =COUNTIF(Clients!M:M, A8) -> 0 | C8: =COUNTIFS(Clients!M:M, A8, Clients!P:P, "<>Approved", Clients!P:P, "<>Refused") -> 0 | D8: =COUNTIFS(Clients!M:M, A8, Clients!P:P, "Approved") -> 0 | E8: =COUNTIFS(Clients!M:M, A8, Clients!P:P, "Refused") -> 0 | F8: =IF(B8>0, D8/B8, 0) -> 0
B9: =COUNTIF(Clients!M:M, A9) -> 0 | C9: =COUNTIFS(Clients!M:M, A9, Clients!P:P, "<>Approved", Clients!P:P, "<>Refused") -> 0 | D9: =COUNTIFS(Clients!M:M, A9, Clients!P:P, "Approved") -> 0 | E9: =COUNTIFS(Clients!M:M, A9, Clients!P:P, "Refused") -> 0 | F9: =IF(B9>0, D9/B9, 0) -> 0
B10: =COUNTIF(Clients!M:M, A10) -> 0 | C10: =COUNTIFS(Clients!M:M, A10, Clients!P:P, "<>Approved", Clients!P:P, "<>Refused") -> 0 | D10: =COUNTIFS(Clients!M:M, A10, Clients!P:P, "Approved") -> 0 | E10: =COUNTIFS(Clients!M:M, A10, Clients!P:P, "Refused") -> 0 | F10: =IF(B10>0, D10/B10, 0) -> 0

Sheet Dashboard
B2: DASHBOARD - JF VISA CONSULTANCY
B4: Total Clients | D4: Active Cases | F4: Approved Visas | H4: Refused Visas
B5: =COUNTA(Clients!A:A)-1 -> 1 | D5: =COUNTIF(Clients!P:P, "Under Process") -> 0 | F5: =COUNTIF(Clients!P:P, "Approved") -> 0 | H5: =COUNTIF(Clients!P:P, "Refused") -> 0
